City,Region
 , 
A'SAM ,Beer Sheva 
ABBIRIM ,Acre 
ABU ABDUN ,Beer Sheva 
ABU AMMAR ,Beer Sheva 
ABU AMRE ,Beer Sheva 
ABU GHOSH ,Jerusalem 
ABU JUWEI'ID ,Beer Sheva 
ABU QUREINAT ,Beer Sheva 
ABU QUREINAT ,Beer Sheva 
ABU RUBEI'A ,Beer Sheva 
ABU RUQAYYEQ ,Beer Sheva 
ABU SINAN ,Acre 
ABU SUREIHAN ,Beer Sheva 
ABU TULUL ,Beer Sheva 
ADAMIT ,Acre 
ADANIM ,Petah Tikva 
ADDERET ,Beit Shemesh 
ADDIRIM ,Afula 
ADI ,Acre 
ADORA ,Beit Shemesh 
AFEINISH ,Beer Sheva 
AFEQ ,Acre 
AFIQ ,Tiberias 
AFIQIM ,Tiberias 
AFULA ,Afula 
AGUR ,Beit Shemesh 
AHAWA ,Ashkelon 
AHI'EZER ,Ramla 
AHIHUD ,Acre 
AHISAMAKH ,Ramla 
AHITUV ,Natanya 
AHUZZAM ,Ashkelon 
AHUZZAT BARAQ ,Afula 
AKKO ,Acre 
AL SAYYID ,Beer Sheva 
AL-ARYAN ,Hadera 
AL-AZY ,Ashkelon 
ALE ZAHAV ,Ariel 
ALFE MENASHE ,Rosh Haayin 
ALLON HAGALIL ,Afula 
ALLON SHEVUT ,Jerusalem 
ALLONE ABBA ,Afula 
ALLONE HABASHAN ,Tiberias 
ALLONE YIZHAQ ,Hadera 
ALLONIM ,Afula 
ALMA ,Tzefat 
ALMAGOR ,Tiberias 
ALMOG ,Jerusalem 
ALMON ,Jerusalem 
ALUMIM ,Beer Sheva 
ALUMMA ,Ashkelon 
ALUMMOT ,Tiberias 
AMAZYA ,Ashkelon 
AMIR ,Tzefat 
AMIRIM ,Tzefat 
AMMI'AD ,Tzefat 
AMMI'OZ ,Beer Sheva 
AMMIHAY ,Jerusalem 
AMMINADAV ,Jerusalem 
AMMIQAM ,Hadera 
AMNUN ,Tiberias 
AMQA ,Acre 
AMUQQA ,Tzefat 
ANI'AM ,Tiberias 
AR'ARA ,Hadera 
AR'ARA-BANEGEV ,Beer Sheva 
ARAD ,Beer Sheva 
ARAMSHA ,Acre 
ARBEL ,Tiberias 
ARGAMAN ,Afula 
ARI'EL ,Ariel 
ARRAB AL NAIM ,Karmiel 
ARRABE ,Acre 
ARSUF ,Natanya 
ARUGOT ,Ashkelon 
ASAD ,Beer Sheva 
ASEFAR ,Jerusalem 
ASERET ,Rehovot 
ASHALIM ,Beer Sheva 
ASHDOD ,Ashdod 
ASHDOT YA'AQOV(IHUD) ,Tiberias 
ASHDOT YA'AQOV(ME'UH ,Tiberias 
ASHERAT ,Acre 
ASHQELON ,Ashkelon 
ATAWNE ,Beer Sheva 
ATERET ,Jerusalem 
ATLIT ,Hadera 
ATRASH ,Beer Sheva 
ATSMON-SEGEV ,Karmiel 
AVDON ,Acre 
AVENAT ,Jerusalem 
AVI'EL ,Hadera 
AVI'EZER ,Beit Shemesh 
AVIGEDOR ,Ashkelon 
AVIHAYIL ,Natanya 
AVITAL ,Afula 
AVIVIM ,Tzefat 
AVNE ETAN ,Tiberias 
AVNE HEFEZ ,Natanya 
AVSHALOM ,Beer Sheva 
AVTALYON ,Karmiel 
AYANOT ,Rehovot 
AYYELET HASHAHAR ,Tzefat 
AZARYA ,Ramla 
AZOR ,Holon 
AZRI'EL ,Natanya 
AZRIQAM ,Ashkelon 
BAHAN ,Natanya 
BALFURIYYA ,Afula 
BAQA AL-GHARBIYYE ,Hadera 
BAR GIYYORA ,Beit Shemesh 
BAR YOHAY ,Tzefat 
BAR'AM ,Tzefat 
BARAQ ,Afula 
BAREQET ,Petah Tikva 
BARQAN ,Ariel 
BARQAY ,Hadera 
BASMA ,Hadera 
BASMAT TAB'UN ,Afula 
BAT AYIN ,Jerusalem 
BAT HADAR ,Ashkelon 
BAT HEFER ,Natanya 
BAT HEN ,Natanya 
BAT SHELOMO ,Hadera 
BAT YAM ,Holon 
BAZRA ,Natanya 
BE'ER MILKA ,Beer Sheva 
BE'ER ORA ,Eilat 
BE'ER SHEVA ,Beer Sheva 
BE'ER TUVEYA ,Ashkelon 
BE'ER YA'AQOV ,Ramla 
BE'ERI ,Beer Sheva 
BE'EROT YIZHAQ ,Petah Tikva 
BE'EROTAYIM ,Natanya 
BEER GANNIM ,Ashkelon 
BEIT JANN ,Karmiel 
BEN AMMI ,Acre 
BEN SHEMEN (MOSHAV) ,Ramla 
BEN SHEMEN(K.NO'AR) ,Ramla 
BEN ZAKKAY ,Rehovot 
BENAYA ,Rehovot 
BENE ATAROT ,Petah Tikva 
BENE AYISH ,Rehovot 
BENE BERAQ ,Bne Brak 
BENE DAROM ,Rehovot 
BENE DEROR ,Natanya 
BENE NEZARIM ,Beer Sheva 
BENE RE'EM ,Rehovot 
BENE YEHUDA ,Tiberias 
BENE ZIYYON ,Natanya 
BEQA'OT ,Afula 
BEQOA ,Beit Shemesh 
BERAKHA ,Ariel 
BEREKHYA ,Ashkelon 
BEROR HAYIL ,Ashkelon 
BEROSH ,Beer Sheva 
BET ALFA ,Afula 
BET ARIF ,Ramla 
BET ARYE ,Rosh Haayin 
BET BERL ,Kfar Saba 
BET DAGAN ,Ramla 
BET EL ,Jerusalem 
BET EL'AZARI ,Rehovot 
BET EZRA ,Ashkelon 
BET GAMLI'EL ,Rehovot 
BET GUVRIN ,Ashkelon 
BET HAARAVA ,Jerusalem 
BET HAEMEQ ,Acre 
BET HAGADDI ,Beer Sheva 
BET HALEVI ,Natanya 
BET HANAN ,Rehovot 
BET HANANYA ,Hadera 
BET HASHITTA ,Afula 
BET HASHMONAY ,Ramla 
BET HERUT ,Natanya 
BET HILLEL ,Tzefat 
BET HILQIYYA ,Rehovot 
BET HORON ,Jerusalem 
BET LEHEM HAGELILIT ,Afula 
BET ME'IR ,Beit Shemesh 
BET NEHEMYA ,Ramla 
BET NEQOFA ,Jerusalem 
BET NIR ,Ashkelon 
BET OREN ,Hadera 
BET OVED ,Rehovot 
BET QAMA ,Beer Sheva 
BET QESHET ,Tiberias 
BET RABBAN ,Rehovot 
BET RIMMON ,Afula 
BET SHE'AN ,Afula 
BET SHE'ARIM ,Afula 
BET SHEMESH ,Beit Shemesh 
BET SHIQMA ,Ashkelon 
BET UZZI'EL ,Ramla 
BET YANNAY ,Natanya 
BET YEHOSHUA ,Natanya 
BET YIZHAQ-SH. HEFER ,Natanya 
BET YOSEF ,Afula 
BET ZAYIT ,Jerusalem 
BET ZEID ,Afula 
BET ZERA ,Tiberias 
BET ZEVI ,Hadera 
BETAR ILLIT ,Jerusalem 
BEZET ,Acre 
BI NE ,Acre 
BINYAMINA ,Hadera 
BIR EL-MAKSUR ,Nof HaGalil 
BIR HADAGE ,Beer Sheva 
BIRIYYA ,Tzefat 
BITAN AHARON ,Natanya 
BITHA ,Beer Sheva 
BIZZARON ,Ashkelon 
BNE DKALIM ,Ashkelon 
BRUKHIN ,Ariel 
BU'EINE-NUJEIDAT ,Nof HaGalil 
BUQ'ATA ,Tzefat 
BURGETA ,Natanya 
BUSTAN HAGALIL ,Acre 
DABBURYE ,Afula 
DAFNA ,Tzefat 
DAHI ,Afula 
DALIYAT AL-KARMEL ,Haifa 
DALIYYA ,Afula 
DALTON ,Tzefat 
DAN ,Tzefat 
DAVERAT ,Afula 
DEGANYA ALEF ,Tiberias 
DEGANYA BET ,Tiberias 
DEIR AL-ASAD ,Acre 
DEIR HANNA ,Acre 
DEIR RAFAT ,Beit Shemesh 
DEMEIDE ,Karmiel 
DEQEL ,Beer Sheva 
DERIG'AT ,Beer Sheva 
DEVIRA ,Beer Sheva 
DEVORA ,Afula 
DIMONA ,Beer Sheva 
DISHON ,Tzefat 
DOLEV ,Jerusalem 
DOR ,Hadera 
DOROT ,Ashkelon 
DOVEV ,Tzefat 
EFRAT ,Jerusalem 
EILABUN ,Tiberias 
EIN AL-ASAD ,Tzefat 
EIN HOD ,Hadera 
EIN MAHEL ,Nof HaGalil 
EIN NAQQUBA ,Jerusalem 
EIN QINIYYE ,Tzefat 
EIN RAFA ,Jerusalem 
EL'AD ,Rosh Haayin 
EL'AZAR ,Jerusalem 
EL-ROM ,Tzefat 
ELAT ,Eilat 
ELI ,Ariel 
ELI AL ,Tiberias 
ELIAV ,Ashkelon 
ELIFAZ ,Eilat 
ELIFELET ,Tzefat 
ELISHAMA ,Kfar Saba 
ELON ,Acre 
ELON MORE ,Ariel 
ELOT ,Eilat 
ELQANA ,Rosh Haayin 
ELQOSH ,Acre 
ELYAKHIN ,Hadera 
ELYAQIM ,Afula 
ELYASHIV ,Hadera 
EMUNIM ,Ashkelon 
EN AYYALA ,Hadera 
EN DOR ,Afula 
EN GEDI ,Beer Sheva 
EN GEV ,Tiberias 
EN HABESOR ,Beer Sheva 
EN HAEMEQ ,Afula 
EN HAHORESH ,Natanya 
EN HAMIFRAZ ,Acre 
EN HANAZIV ,Afula 
EN HAROD (IHUD) ,Afula 
EN HAROD(ME'UHAD) ,Afula 
EN HASHELOSHA ,Beer Sheva 
EN HASHOFET ,Afula 
EN HAZEVA ,Eilat 
EN HOD ,Hadera 
EN IRON ,Hadera 
EN KAREM-B.S.HAQLA'I ,Jerusalem 
EN KARMEL ,Hadera 
EN SARID ,Natanya 
EN SHEMER ,Hadera 
EN TAMAR ,Beer Sheva 
EN WERED ,Natanya 
EN YA'AQOV ,Acre 
EN YAHAV ,Eilat 
EN ZIWAN ,Tzefat 
EN ZURIM ,Ashkelon 
ENAT ,Rosh Haayin 
ENAV ,Natanya 
EREZ ,Ashkelon 
ESHBOL ,Beer Sheva 
ESHEL HANASI ,Beer Sheva 
ESHHAR ,Karmiel 
ESHKOLOT ,Jerusalem 
ESHTA'OL ,Beit Shemesh 
ETAN ,Ashkelon 
ETANIM ,Beit Shemesh 
ETGAR ,Karmiel 
EVEN MENAHEM ,Acre 
EVEN SAPPIR ,Jerusalem 
EVEN SHEMU'EL ,Ashkelon 
EVEN YEHUDA ,Natanya 
EVEN YIZHAQ(GAL'ED) ,Afula 
EVRON ,Acre 
EYAL ,Kfar Saba 
EZ EFRAYIM ,Petah Tikva 
EZER ,Ashkelon 
EZUZ ,Beer Sheva 
FASSUTA ,Acre 
FUREIDIS ,Hadera 
GA'ASH ,Natanya 
GA'TON ,Acre 
GADISH ,Afula 
GADOT ,Tzefat 
GAL'ON ,Ashkelon 
GAN HADAROM ,Rehovot 
GAN HASHOMERON ,Hadera 
GAN HAYYIM ,Kfar Saba 
GAN NER ,Afula 
GAN SHELOMO ,Rehovot 
GAN SHEMU'EL ,Hadera 
GAN SOREQ ,Rehovot 
GAN YAVNE ,Rehovot 
GAN YOSHIYYA ,Natanya 
GANNE AM ,Kfar Saba 
GANNE HADAR ,Ramla 
GANNE MODIIN ,Jerusalem 
GANNE TAL ,Rehovot 
GANNE TIQWA ,Petah Tikva 
GANNE YOHANAN ,Rehovot 
GANNOT ,Ramla 
GANNOT HADAR ,Natanya 
GAT RIMMON ,Petah Tikva 
GAT(QIBBUZ) ,Ashkelon 
GAZIT ,Afula 
GE'A ,Ashkelon 
GE'ALYA ,Rehovot 
GE'ULE TEMAN ,Hadera 
GE'ULIM ,Natanya 
GEDERA ,Rehovot 
GEFEN ,Beit Shemesh 
GELIL YAM ,Herzliya 
GEROFIT ,Eilat 
GESHER ,Tiberias 
GESHER HAZIW ,Acre 
GESHUR ,Tiberias 
GEVA ,Afula 
GEVA KARMEL ,Hadera 
GEVA BINYAMIN ,Jerusalem 
GEVA'OT BAR ,Beer Sheva 
GEVAR'AM ,Ashkelon 
GEVAT ,Afula 
GEVIM ,Ashkelon 
GEVULOT ,Beer Sheva 
GEZER ,Ramla 
GHAJAR ,Tzefat 
GIBBETON ,Rehovot 
GID'ONA ,Afula 
GILAT ,Beer Sheva 
GILGAL ,Afula 
GILON ,Karmiel 
GIMZO ,Ramla 
GINNATON ,Ramla 
GINNEGAR ,Afula 
GINNOSAR ,Tiberias 
GITTA ,Acre 
GITTIT ,Afula 
GIV'AT AVNI ,Tiberias 
GIV'AT BRENNER ,Rehovot 
GIV'AT ELA ,Afula 
GIV'AT HASHELOSHA ,Rosh Haayin 
GIV'AT HAYYIM (IHUD) ,Natanya 
GIV'AT HAYYIM(ME'UHA ,Natanya 
GIV'AT HEN ,Kfar Saba 
GIV'AT KOAH ,Petah Tikva 
GIV'AT NILI ,Hadera 
GIV'AT OZ ,Afula 
GIV'AT SHAPPIRA ,Natanya 
GIV'AT SHEMESH ,Beit Shemesh 
GIV'AT SHEMU'EL ,Petah Tikva 
GIV'AT YE'ARIM ,Beit Shemesh 
GIV'AT YESHA'YAHU ,Beit Shemesh 
GIV'AT YO'AV ,Tiberias 
GIV'AT ZE'EV ,Jerusalem 
GIV'ATAYIM ,Ramat Gan 
GIV'ATI ,Ashkelon 
GIV'OLIM ,Beer Sheva 
GIV'ON HAHADASHA ,Jerusalem 
GIZO ,Beit Shemesh 
GONEN ,Tzefat 
GOREN ,Acre 
GORNOT HAGALIL ,Acre 
HABONIM ,Hadera 
HAD-NES ,Tiberias 
HADAR AM ,Natanya 
HADERA ,Hadera 
HADID ,Ramla 
HAFEZ HAYYIM ,Rehovot 
HAGGAI ,Jerusalem 
HAGOR ,Petah Tikva 
HAGOSHERIM ,Tzefat 
HAHOTERIM ,Hadera 
HAIFA ,Haifa 
HALUZ ,Karmiel 
HAMA'PIL ,Hadera 
HAMADYA ,Afula 
HAMAM ,Tiberias 
HAMRA ,Afula 
HANITA ,Acre 
HANNATON ,Afula 
HANNI'EL ,Natanya 
HAOGEN ,Natanya 
HAON ,Tiberias 
HAR ADAR ,Jerusalem 
HAR AMASA ,Beer Sheva 
HAR GILLO ,Jerusalem 
HAR'EL ,Beit Shemesh 
HARARIT ,Karmiel 
HARASHIM ,Karmiel 
HARDUF ,Afula 
HARISH ,Hadera 
HARUZIM ,Natanya 
HASHMONA'IM ,Jerusalem 
HASOLELIM ,Afula 
HASPIN ,Tiberias 
HAVAZZELET HASHARON ,Natanya 
HAWASHLA ,Beer Sheva 
HAYOGEV ,Afula 
HAZAV ,Ashkelon 
HAZERIM ,Beer Sheva 
HAZEVA ,Eilat 
HAZON ,Tiberias 
HAZOR HAGELILIT ,Tzefat 
HAZOR-ASHDOD ,Ashkelon 
HAZORE'IM ,Tiberias 
HAZOREA ,Afula 
HEFZI-BAH ,Afula 
HELEZ ,Ashkelon 
HEMED ,Ramla 
HEREV LE'ET ,Hadera 
HERMESH ,Hadera 
HERUT ,Natanya 
HERZELIYYA ,Herzliya 
HEVER ,Afula 
HIBBAT ZIYYON ,Hadera 
HILLA ,Acre 
HINNANIT ,Hadera 
HOD HASHARON ,Kfar Saba 
HODAYOT ,Tiberias 
HODIYYA ,Ashkelon 
HOFIT ,Natanya 
HOGLA ,Hadera 
HOLIT ,Beer Sheva 
HOLON ,Holon 
HORESHIM ,Rosh Haayin 
HOSEN ,Acre 
HOSHA'AYA ,Afula 
HUJEIRAT (DAHRA) ,Acre 
HULATA ,Tzefat 
HULDA ,Ramla 
HUQOQ ,Tiberias 
HURA ,Beer Sheva 
HURFEISH ,Acre 
HUSSNIYYA ,Karmiel 
HUZAYYEL ,Beer Sheva 
I'BILLIN ,Acre 
IBBIM ,Ashkelon 
IBTIN ,Haifa 
IDDAN ,Beer Sheva 
IKSAL ,Afula 
ILANIYYA ,Tiberias 
ILUT ,Nof HaGalil 
IMMANU'EL ,Rosh Haayin 
IR OVOT ,Beer Sheva 
IRUS ,Rehovot 
ISIFYA ,Haifa 
ITAMAR ,Ariel 
JAAT ,Hadera 
JALJULYE ,Kfar Saba 
JERUSALEM ,Jerusalem 
JISH(GUSH HALAV) ,Tzefat 
JISR AZ-ZARQA ,Hadera 
JUDEIDE-MAKER ,Acre 
JULIS ,Acre 
JUNNABIB ,Beer Sheva 
KA'ABIYYE-TABBASH-HA ,Nof HaGalil 
KABRI ,Acre 
KABUL ,Acre 
KADDITA ,Tzefat 
KADOORIE ,Tiberias 
KAFAR BARA ,Petah Tikva 
KAFAR KAMA ,Tiberias 
KAFAR KANNA ,Nof HaGalil 
KAFAR MANDA ,Nof HaGalil 
KAFAR MISR ,Afula 
KAFAR QARA ,Hadera 
KAFAR QASEM ,Petah Tikva 
KAFAR YASIF ,Acre 
KAHAL ,Tzefat 
KALLANIT ,Tiberias 
KAMMON ,Karmiel 
KANAF ,Tiberias 
KANNOT ,Ashkelon 
KAOKAB ABU AL-HIJA ,Acre 
KARE DESHE ,Tiberias 
KARKOM ,Tzefat 
KARME QATIF ,Ashkelon 
KARME YOSEF ,Ramla 
KARME ZUR ,Jerusalem 
KARMEL ,Jerusalem 
KARMI'EL ,Karmiel 
KARMIYYA ,Ashkelon 
KEFAR ADUMMIM ,Jerusalem 
KEFAR AHIM ,Ashkelon 
KEFAR AVIV ,Rehovot 
KEFAR AVODA ,Natanya 
KEFAR AZZA ,Ashkelon 
KEFAR BARUKH ,Afula 
KEFAR BIALIK ,Haifa 
KEFAR BILU ,Rehovot 
KEFAR BIN NUN ,Ramla 
KEFAR BLUM ,Tzefat 
KEFAR DANIYYEL ,Ramla 
KEFAR EZYON ,Jerusalem 
KEFAR GALLIM ,Haifa 
KEFAR GID'ON ,Afula 
KEFAR GIL'ADI ,Tzefat 
KEFAR GLIKSON ,Hadera 
KEFAR HABAD ,Ramla 
KEFAR HAHORESH ,Afula 
KEFAR HAMAKKABI ,Haifa 
KEFAR HANAGID ,Rehovot 
KEFAR HANANYA ,Tzefat 
KEFAR HANASI ,Tzefat 
KEFAR HANO'AR HADATI ,Haifa 
KEFAR HAORANIM ,Jerusalem 
KEFAR HARIF ,Ashkelon 
KEFAR HARO'E ,Hadera 
KEFAR HARUV ,Tiberias 
KEFAR HASIDIM ALEF ,Haifa 
KEFAR HASIDIM BET ,Haifa 
KEFAR HAYYIM ,Natanya 
KEFAR HESS ,Natanya 
KEFAR HITTIM ,Tiberias 
KEFAR HOSHEN ,Tzefat 
KEFAR KISH ,Tiberias 
KEFAR MALAL ,Kfar Saba 
KEFAR MASARYK ,Acre 
KEFAR MAYMON ,Beer Sheva 
KEFAR MENAHEM ,Ashkelon 
KEFAR MONASH ,Natanya 
KEFAR MORDEKHAY ,Rehovot 
KEFAR NETTER ,Natanya 
KEFAR PINES ,Hadera 
KEFAR ROSH HANIQRA ,Acre 
KEFAR ROZENWALD(ZAR. ,Acre 
KEFAR RUPPIN ,Afula 
KEFAR RUT ,Ramla 
KEFAR SAVA ,Kfar Saba 
KEFAR SHAMMAY ,Tzefat 
KEFAR SHEMARYAHU ,Herzliya 
KEFAR SHEMU'EL ,Ramla 
KEFAR SILVER ,Ashkelon 
KEFAR SIRKIN ,Petah Tikva 
KEFAR SZOLD ,Tzefat 
KEFAR TAPPUAH ,Ariel 
KEFAR TAVOR ,Tiberias 
KEFAR TRUMAN ,Ramla 
KEFAR URIYYA ,Beit Shemesh 
KEFAR VITKIN ,Natanya 
KEFAR WARBURG ,Ashkelon 
KEFAR WERADIM ,Acre 
KEFAR YA'BEZ ,Natanya 
KEFAR YEHEZQEL ,Afula 
KEFAR YEHOSHUA ,Afula 
KEFAR YONA ,Natanya 
KEFAR ZETIM ,Tiberias 
KEFAR ZOHARIM ,Beit Shemesh 
KELIL ,Acre 
KEMEHIN ,Beer Sheva 
KERAMIM ,Beer Sheva 
KEREM BEN SHEMEN ,Ramla 
KEREM BEN ZIMRA ,Tzefat 
KEREM MAHARAL ,Hadera 
KEREM SHALOM ,Beer Sheva 
KEREM YAVNE(YESHIVA) ,Rehovot 
KESALON ,Beit Shemesh 
KHAWALED ,Haifa 
KHAWALED ,Haifa 
KINNERET(MOSHAVA) ,Tiberias 
KINNERET(QEVUZA) ,Tiberias 
KISHOR ,Karmiel 
KISRA-SUMEI ,Acre 
KISSUFIM ,Beer Sheva 
KOCHLEA ,Beer Sheva 
KOKHAV HASHAHAR ,Jerusalem 
KOKHAV MIKHA'EL ,Ashkelon 
KOKHAV YA'AQOV ,Jerusalem 
KOKHAV YA'IR ,Kfar Saba 
KORAZIM ,Tzefat 
KUSEIFE ,Beer Sheva 
LAHAV ,Beer Sheva 
LAHAVOT HABASHAN ,Tzefat 
LAHAVOT HAVIVA ,Hadera 
LAKHISH ,Ashkelon 
LAPPID ,Ramla 
LAPPIDOT ,Acre 
LAQYE ,Beer Sheva 
LAVI ,Tiberias 
LAVON ,Karmiel 
LEHAVIM ,Beer Sheva 
LI-ON ,Beit Shemesh 
LIMAN ,Acre 
LIVNIM ,Tiberias 
LOD ,Ramla 
LOHAME HAGETA'OT ,Acre 
LOTAN ,Eilat 
LOTEM ,Karmiel 
LUZIT ,Beit Shemesh 
MA'AGAN ,Tiberias 
MA'AGAN MIKHA'EL ,Hadera 
MA'ALE ADUMMIM ,Jerusalem 
MA'ALE AMOS ,Jerusalem 
MA'ALE EFRAYIM ,Afula 
MA'ALE GAMLA ,Tiberias 
MA'ALE GILBOA ,Afula 
MA'ALE HAHAMISHA ,Beit Shemesh 
MA'ALE IRON ,Afula 
MA'ALE LEVONA ,Ariel 
MA'ALE MIKHMAS ,Jerusalem 
MA'ALOT-TARSHIHA ,Acre 
MA'ANIT ,Hadera 
MA'AS ,Petah Tikva 
MA'BAROT ,Natanya 
MA'GALIM ,Beer Sheva 
MA'ON ,Jerusalem 
MA'OR ,Hadera 
MA'OZ HAYYIM ,Afula 
MA'YAN BARUKH ,Tzefat 
MA'YAN ZEVI ,Hadera 
MABBU'IM ,Beer Sheva 
MAGEN ,Beer Sheva 
MAGEN SHA'UL ,Afula 
MAGGAL ,Hadera 
MAGSHIMIM ,Petah Tikva 
MAHANAYIM ,Tzefat 
MAHANE BILDAD ,Beer Sheva 
MAHANE HILLA ,Rishon LeTsiyon 
MAHANE MIRYAM ,Ashkelon 
MAHANE TALI ,Beer Sheva 
MAHANE TEL NOF ,Rehovot 
MAHANE YAFA ,Beer Sheva 
MAHANE YATTIR ,Beer Sheva 
MAHANE YEHUDIT ,Afula 
MAHANE YOKHVED ,Eilat 
MAHSEYA ,Beit Shemesh 
MAJD AL-KURUM ,Acre 
MAJDAL SHAMS ,Tzefat 
MAKCHUL ,Beer Sheva 
MALKISHUA ,Afula 
MALKIYYA ,Tzefat 
MANOF ,Karmiel 
MANOT ,Acre 
MANSHIYYET ZABDA ,Afula 
MARGALIYYOT ,Tzefat 
MAS'ADE ,Tzefat 
MAS'UDIN AL-'AZAZME ,Beer Sheva 
MASH'ABBE SADE ,Beer Sheva 
MASH'EN ,Ashkelon 
MASKIYYOT ,Jerusalem 
MASLUL ,Beer Sheva 
MASSAD ,Tiberias 
MASSADA ,Tiberias 
MASSU'A ,Afula 
MASSUOT YIZHAQ ,Ashkelon 
MATTA ,Beit Shemesh 
MATTAN ,Petah Tikva 
MATTAT ,Acre 
MATTITYAHU ,Jerusalem 
MAVQI'IM ,Ashkelon 
MAZKERET BATYA ,Rehovot 
MAZLIAH ,Ramla 
MAZOR ,Petah Tikva 
MAZRA'A ,Acre 
MAZZUVA ,Acre 
ME AMMI ,Hadera 
ME'IR SHEFEYA ,Hadera 
ME'ONA ,Acre 
MEFALLESIM ,Ashkelon 
MEGADIM ,Hadera 
MEGIDDO ,Afula 
MEHOLA ,Afula 
MEISER ,Hadera 
MEKHORA ,Afula 
MELE'A ,Afula 
MELILOT ,Beer Sheva 
MENAHEMYA ,Tiberias 
MENNARA ,Tzefat 
MENUHA ,Ashkelon 
MERAV ,Afula 
MERHAV AM ,Beer Sheva 
MERHAVYA(MOSHAV) ,Afula 
MERHAVYA(QIBBUZ) ,Afula 
MERKAZ SHAPPIRA ,Ashkelon 
MEROM GOLAN ,Tzefat 
MERON ,Tzefat 
MESHAR ,Rehovot 
MESHHED ,Nof HaGalil 
MESILLAT ZIYYON ,Beit Shemesh 
MESILLOT ,Afula 
METAR ,Beer Sheva 
METAV ,Afula 
METULA ,Tzefat 
MEVASSERET ZIYYON ,Jerusalem 
MEVO BETAR ,Jerusalem 
MEVO DOTAN ,Hadera 
MEVO HAMMA ,Tiberias 
MEVO HORON ,Ramla 
MEVO MODI'IM ,Ramla 
MEVO'OT YAM ,Natanya 
MEVO'OT YERIHO ,Jerusalem 
MEZADOT YEHUDA ,Jerusalem 
MEZAR ,Tiberias 
MEZER ,Hadera 
MI'ELYA ,Acre 
MIDRAKH OZ ,Afula 
MIDRESHET BEN GURION ,Beer Sheva 
MIDRESHET RUPPIN ,Natanya 
MIGDAL ,Tiberias 
MIGDAL HAEMEQ ,Afula 
MIGDAL OZ ,Jerusalem 
MIGDALIM ,Ariel 
MIKHMANNIM ,Karmiel 
MIKHMORET ,Natanya 
MIQWE YISRA'EL ,Holon 
MISGAV AM ,Tzefat 
MISGAV DOV ,Rehovot 
MISHMAR AYYALON ,Ramla 
MISHMAR DAWID ,Ramla 
MISHMAR HAEMEQ ,Afula 
MISHMAR HANEGEV ,Beer Sheva 
MISHMAR HASHARON ,Natanya 
MISHMAR HASHIV'A ,Ramla 
MISHMAR HAYARDEN ,Tzefat 
MISHMAROT ,Hadera 
MISHMERET ,Natanya 
MITSPE ILAN ,Hadera 
MIVTAHIM ,Beer Sheva 
MIZPA ,Tiberias 
MIZPE AVIV ,Karmiel 
MIZPE NETOFA ,Afula 
MIZPE RAMON ,Beer Sheva 
MIZPE SHALEM ,Jerusalem 
MIZPE YERIHO ,Jerusalem 
MIZRA ,Afula 
MODI'IN ILLIT ,Jerusalem 
MODI'IN-MAKKABBIM-RE ,Ramla 
MOLEDET ,Afula 
MORAN ,Karmiel 
MORESHET ,Karmiel 
MOZA ILLIT ,Jerusalem 
MUGHAR ,Tiberias 
MUQEIBLE ,Afula 
NA'ALE ,Jerusalem 
NA'AN ,Ramla 
NA'ARAN ,Afula 
NA'URA ,Afula 
NAAMA ,Jerusalem 
NAHAL ESHBAL ,Karmiel 
NAHAL HEMDAT ,Afula 
NAHAL OZ ,Ashkelon 
NAHAL SHITTIM ,Eilat 
NAHALA ,Ashkelon 
NAHALAL ,Afula 
NAHALI'EL ,Jerusalem 
NAHAM ,Beit Shemesh 
NAHARIYYA ,Acre 
NAHEF ,Karmiel 
NAHSHOLIM ,Hadera 
NAHSHON ,Beit Shemesh 
NAHSHONIM ,Petah Tikva 
NASASRA ,Beer Sheva 
NATAF ,Beit Shemesh 
NATUR ,Tiberias 
NAVE ,Beer Sheva 
NAZARETH ,Nof HaGalil 
NE'OT GOLAN ,Tiberias 
NE'OT HAKIKKAR ,Beer Sheva 
NE'OT MORDEKHAY ,Tzefat 
NE'URIM ,Natanya 
NEGBA ,Ashkelon 
NEGOHOT ,Jerusalem 
NEHALIM ,Petah Tikva 
NEHORA ,Ashkelon 
NEHUSHA ,Beit Shemesh 
NEIN ,Afula 
NES AMMIM ,Acre 
NES HARIM ,Beit Shemesh 
NES ZIYYONA ,Rehovot 
NESHER ,Haifa 
NETA ,Ashkelon 
NETA'IM ,Rehovot 
NETANYA ,Natanya 
NETIV HAASARA ,Ashkelon 
NETIV HAGEDUD ,Afula 
NETIV HALAMED-HE ,Beit Shemesh 
NETIV HASHAYYARA ,Acre 
NETIVOT ,Beer Sheva 
NETU'A ,Acre 
NEVATIM ,Beer Sheva 
NEVE TSUF ,Jerusalem 
NEWE ATIV ,Tzefat 
NEWE AVOT ,Hadera 
NEWE DANIYYEL ,Jerusalem 
NEWE ETAN ,Afula 
NEWE HARIF ,Eilat 
NEWE ILAN ,Beit Shemesh 
NEWE MIKHA'EL ,Beit Shemesh 
NEWE MIVTAH ,Ashkelon 
NEWE SHALOM ,Beit Shemesh 
NEWE UR ,Afula 
NEWE YAM ,Hadera 
NEWE YAMIN ,Kfar Saba 
NEWE YARAQ ,Petah Tikva 
NEWE ZIV ,Acre 
NEWE ZOHAR ,Beer Sheva 
NEZER HAZZANI ,Rehovot 
NEZER SERENI ,Ramla 
NILI ,Ramla 
NIMROD ,Tiberias 
NIR AM ,Ashkelon 
NIR AQIVA ,Beer Sheva 
NIR BANIM ,Ashkelon 
NIR DAWID (TEL AMAL) ,Afula 
NIR ELIYYAHU ,Kfar Saba 
NIR EZYON ,Hadera 
NIR GALLIM ,Rehovot 
NIR HEN ,Ashkelon 
NIR MOSHE ,Beer Sheva 
NIR OZ ,Beer Sheva 
NIR YAFE ,Afula 
NIR YISRA'EL ,Ashkelon 
NIR YIZHAQ ,Beer Sheva 
NIR ZEVI ,Ramla 
NIRIM ,Beer Sheva 
NIRIT ,Rosh Haayin 
NIZZAN ,Ashkelon 
NIZZAN B ,Ashkelon 
NIZZANA (QEHILAT HIN ,Beer Sheva 
NIZZANE OZ ,Natanya 
NIZZANE SINAY ,Beer Sheva 
NIZZANIM ,Ashkelon 
NO'AM ,Ashkelon 
NOF AYYALON ,Ramla 
NOF HAGALIL ,Nof HaGalil 
NOFEKH ,Petah Tikva 
NOFIM ,Ariel 
NOFIT ,Haifa 
NOGAH ,Ashkelon 
NOQEDIM ,Jerusalem 
NORDIYYA ,Natanya 
NOV ,Tiberias 
NURIT ,Afula 
ODEM ,Tzefat 
OFAQIM ,Beer Sheva 
OFER ,Hadera 
OFRA ,Jerusalem 
OHAD ,Beer Sheva 
OLESH ,Natanya 
OMEN ,Afula 
OMER ,Beer Sheva 
OMEZ ,Natanya 
OR AQIVA ,Hadera 
OR HAGANUZ ,Tzefat 
OR HANER ,Ashkelon 
OR YEHUDA ,Ramat Gan 
ORA ,Jerusalem 
ORANIM ,Haifa 
ORANIT ,Rosh Haayin 
OROT ,Ashkelon 
ORTAL ,Tiberias 
OTNI'EL ,Jerusalem 
OZEM ,Ashkelon 
PA'AME TASHAZ ,Beer Sheva 
PALMAHIM ,Rehovot 
PARAN ,Eilat 
PARDES HANNA-KARKUR ,Hadera 
PARDESIYYA ,Natanya 
PAROD ,Tzefat 
PATTISH ,Beer Sheva 
PEDAYA ,Ramla 
PEDU'EL ,Ariel 
PEDUYIM ,Beer Sheva 
PELEKH ,Karmiel 
PENE HEVER ,Jerusalem 
PEQI'IN (BUQEI'A) ,Acre 
PEQI'IN HADASHA ,Acre 
PERAZON ,Afula 
PERI GAN ,Beer Sheva 
PESAGOT ,Jerusalem 
PETAH TIQWA ,Petah Tikva 
PETAHYA ,Ramla 
PEZA'EL ,Afula 
PORAT ,Natanya 
PORIYYA ILLIT ,Tiberias 
PORIYYA-KEFAR AVODA ,Tiberias 
PORIYYA-NEWE OVED ,Tiberias 
QABBO'A ,Beer Sheva 
QADDARIM ,Tiberias 
QADIMA-ZORAN ,Natanya 
QALANSAWE ,Natanya 
QALYA ,Jerusalem 
QARNE SHOMERON ,Ariel 
QAWA'IN ,Beer Sheva 
QAZIR ,Hadera 
QAZRIN ,Tiberias 
QEDAR ,Jerusalem 
QEDMA ,Ashkelon 
QEDUMIM ,Kfar Saba 
QELA ,Tiberias 
QELAHIM ,Beer Sheva 
QESARIYYA ,Hadera 
QESHET ,Tiberias 
QETURA ,Eilat 
QEVUZAT YAVNE ,Rehovot 
QIDMAT ZEVI ,Tiberias 
QIDRON ,Rehovot 
QIRYAT ANAVIM ,Beit Shemesh 
QIRYAT ARBA ,Jerusalem 
QIRYAT ATTA ,Kirayot 
QIRYAT BIALIK ,Kirayot 
QIRYAT EQRON ,Rehovot 
QIRYAT GAT ,Ashkelon 
QIRYAT MAL'AKHI ,Ashkelon 
QIRYAT MOTZKIN ,Kirayot 
QIRYAT NETAFIM ,Ariel 
QIRYAT ONO ,Ramat Gan 
QIRYAT SHELOMO ,Natanya 
QIRYAT SHEMONA ,Tzefat 
QIRYAT TIV'ON ,Haifa 
QIRYAT YAM ,Kirayot 
QIRYAT YE'ARIM ,Beit Shemesh 
QIRYAT YE'ARIM(INSTI ,Beit Shemesh 
QOMEMIYYUT ,Ashkelon 
QORANIT ,Karmiel 
QUDEIRAT AS-SANI ,Beer Sheva 
RA'ANANA ,Kfar Saba 
RAHAT ,Beer Sheva 
RAM-ON ,Afula 
RAMAT DAWID ,Afula 
RAMAT GAN ,Ramat Gan 
RAMAT HAKOVESH ,Kfar Saba 
RAMAT HASHARON ,Herzliya 
RAMAT HASHOFET ,Afula 
RAMAT MAGSHIMIM ,Tiberias 
RAMAT RAHEL ,Jerusalem 
RAMAT RAZI'EL ,Beit Shemesh 
RAMAT YISHAY ,Afula 
RAMAT YOHANAN ,Kirayot 
RAMAT ZEVI ,Afula 
RAME ,Karmiel 
RAMLA ,Ramla 
RAMOT ,Tiberias 
RAMOT HASHAVIM ,Kfar Saba 
RAMOT ME'IR ,Ramla 
RAMOT MENASHE ,Afula 
RAMOT NAFTALI ,Tzefat 
RANNEN ,Beer Sheva 
RAQEFET ,Karmiel 
RAS AL-EIN ,Karmiel 
RAS ALI ,Haifa 
RAVID ,Tiberias 
RE'IM ,Beer Sheva 
REGAVIM ,Hadera 
REGBA ,Acre 
REHAN ,Hadera 
REHELIM ,Ariel 
REHOV ,Afula 
REHOVOT ,Rehovot 
REIHANIYYE ,Tzefat 
REINE ,Nof HaGalil 
REKHASIM ,Kirayot 
RESHAFIM ,Afula 
RETAMIM ,Beer Sheva 
REVADIM ,Ashkelon 
REVAVA ,Ariel 
REVIVIM ,Beer Sheva 
REWAHA ,Ashkelon 
REWAYA ,Afula 
RIMMONIM ,Jerusalem 
RINNATYA ,Petah Tikva 
RISHON LEZIYYON ,Rishon LeTsiyon 
RISHPON ,Natanya 
RO'I ,Afula 
ROSH HAAYIN ,Rosh Haayin 
ROSH PINNA ,Tzefat 
ROSH ZURIM ,Jerusalem 
ROTEM ,Jerusalem 
RUAH MIDBAR ,Beer Sheva 
RUHAMA ,Ashkelon 
RUMAT HEIB ,Nof HaGalil 
RUMMANE ,Nof HaGalil 
SA'AD ,Beer Sheva 
SA'AR ,Acre 
SA'WA ,Beer Sheva 
SAJUR ,Karmiel 
SAKHNIN ,Acre 
SAL'IT ,Petah Tikva 
SALLAMA ,Karmiel 
SAMAR ,Eilat 
SANDALA ,Afula 
SAPPIR ,Eilat 
SARID ,Afula 
SASA ,Tzefat 
SAVYON ,Petah Tikva 
SAWA'ID (KAMANE) ,Karmiel 
SAWA'ID(HAMRIYYE) ,Acre 
SAYYID ,Beer Sheva 
SEDE AVRAHAM ,Beer Sheva 
SEDE BOQER ,Beer Sheva 
SEDE DAWID ,Ashkelon 
SEDE ELI'EZER ,Tzefat 
SEDE ELIYYAHU ,Afula 
SEDE HEMED ,Kfar Saba 
SEDE ILAN ,Tiberias 
SEDE MOSHE ,Ashkelon 
SEDE NAHUM ,Afula 
SEDE NEHEMYA ,Tzefat 
SEDE NIZZAN ,Beer Sheva 
SEDE TERUMOT ,Afula 
SEDE UZZIYYAHU ,Ashkelon 
SEDE WARBURG ,Kfar Saba 
SEDE YA'AQOV ,Afula 
SEDE YIZHAQ ,Hadera 
SEDE YO'AV ,Ashkelon 
SEDE ZEVI ,Beer Sheva 
SEDEROT ,Ashkelon 
SEDOT MIKHA ,Beit Shemesh 
SEDOT YAM ,Hadera 
SEGEV-SHALOM ,Beer Sheva 
SEGULA ,Ashkelon 
SENIR ,Tzefat 
SHA'AB ,Acre 
SHA'AL ,Tiberias 
SHA'ALVIM ,Ramla 
SHA'AR EFRAYIM ,Natanya 
SHA'AR HAAMAQIM ,Haifa 
SHA'AR HAGOLAN ,Tiberias 
SHA'AR MENASHE ,Hadera 
SHA'ARE TIQWA ,Rosh Haayin 
SHADMOT DEVORA ,Tiberias 
SHADMOT MEHOLA ,Afula 
SHAFIR ,Ashkelon 
SHAHAR ,Ashkelon 
SHAHARUT ,Eilat 
SHALVA BAMIDBAR ,Beer Sheva 
SHALWA ,Ashkelon 
SHAMERAT ,Acre 
SHAMIR ,Tzefat 
SHANI ,Beer Sheva 
SHAQED ,Hadera 
SHARONA ,Tiberias 
SHARSHERET ,Beer Sheva 
SHAVE DAROM ,Beer Sheva 
SHAVE SHOMERON ,Natanya 
SHAVE ZIYYON ,Acre 
SHE'AR YASHUV ,Tzefat 
SHEDEMA ,Rehovot 
SHEFAR'AM ,Nof HaGalil 
SHEFAYIM ,Natanya 
SHEFER ,Tzefat 
SHEIKH DANNUN ,Acre 
SHEKHANYA ,Karmiel 
SHELOMI ,Acre 
SHELUHOT ,Afula 
SHEQEF ,Ashkelon 
SHETULA ,Acre 
SHETULIM ,Ashkelon 
SHEZAF ,Beer Sheva 
SHEZOR ,Tzefat 
SHIBBOLIM ,Beer Sheva 
SHIBLI ,Afula 
SHILAT ,Ramla 
SHILO ,Jerusalem 
SHIM'A ,Jerusalem 
SHIMSHIT ,Afula 
SHIZZAFON ,Eilat 
SHLOMIT ,Beer Sheva 
SHO'EVA ,Beit Shemesh 
SHOHAM ,Ramla 
SHOMERA ,Acre 
SHOMERIYYA ,Beer Sheva 
SHOQEDA ,Beer Sheva 
SHORASHIM ,Karmiel 
SHORESH ,Beit Shemesh 
SHOSHANNAT HAAMAQIM ,Natanya 
SHOSHANNAT HAAMAQIM( ,Natanya 
SHOVAL ,Beer Sheva 
SHUVA ,Beer Sheva 
SITRIYYA ,Ramla 
SUFA ,Beer Sheva 
SULAM ,Afula 
SUSEYA ,Jerusalem 
TA'OZ ,Beit Shemesh 
TAL SHAHAR ,Beit Shemesh 
TAL-EL ,Karmiel 
TALME BILU ,Beer Sheva 
TALME EL'AZAR ,Hadera 
TALME ELIYYAHU ,Beer Sheva 
TALME YAFE ,Ashkelon 
TALME YEHI'EL ,Ashkelon 
TALME YOSEF ,Beer Sheva 
TALMON ,Jerusalem 
TAMRA ,Acre 
TAMRA (YIZRE'EL) ,Afula 
TARABIN AS-SANI ,Beer Sheva 
TARABIN AS-SANI ,Beer Sheva 
TARUM ,Beit Shemesh 
TAYIBE ,Natanya 
TAYIBE(BAEMEQ) ,Afula 
TE'ASHUR ,Beer Sheva 
TEFAHOT ,Tiberias 
TEL ADASHIM ,Afula 
TEL AVIV - YAFO ,Tel Aviv
TEL MOND ,Natanya 
TEL QAZIR ,Tiberias 
TEL SHEVA ,Beer Sheva 
TEL TE'OMIM ,Afula 
TEL YIZHAQ ,Natanya 
TEL YOSEF ,Afula 
TELALIM ,Beer Sheva 
TELAMIM ,Ashkelon 
TELEM ,Jerusalem 
TENE ,Beer Sheva 
TENUVOT ,Natanya 
TEQOA ,Jerusalem 
TEQUMA ,Beer Sheva 
TIBERIAS ,Tiberias 
TIDHAR ,Beer Sheva 
TIFRAH ,Beer Sheva 
TIMMORIM ,Ashkelon 
TIMRAT ,Afula 
TIRAT KARMEL ,Haifa 
TIRAT YEHUDA ,Petah Tikva 
TIRAT ZEVI ,Afula 
TIRE ,Natanya 
TIROSH ,Beit Shemesh 
TOMER ,Afula 
TUBA-ZANGARIYYE ,Tzefat 
TUR'AN ,Nof HaGalil 
TUSHIYYA ,Beer Sheva 
TUVAL ,Karmiel 
UDIM ,Natanya 
UMM AL-FAHM ,Afula 
UMM AL-QUTUF ,Hadera 
UMM BATIN ,Beer Sheva 
UQBI (BANU UQBA) ,Beer Sheva 
URIM ,Beer Sheva 
USHA ,Kirayot 
UZA ,Ashkelon 
UZEIR ,Nof HaGalil 
WARDON ,Ashkelon 
WERED YERIHO ,Jerusalem 
YA'AD ,Karmiel 
YA'ARA ,Acre 
YA'EL ,Afula 
YAD BINYAMIN ,Rehovot 
YAD HANNA ,Natanya 
YAD HASHEMONA ,Jerusalem 
YAD MORDEKHAY ,Ashkelon 
YAD NATAN ,Ashkelon 
YAD RAMBAM ,Ramla 
YAFI ,Nof HaGalil 
YAFIT ,Afula 
YAGEL ,Ramla 
YAGUR ,Haifa 
YAHEL ,Eilat 
YAKHINI ,Ashkelon 
YANUH-JAT ,Acre 
YANUV ,Natanya 
YAQIR ,Ariel 
YAQUM ,Natanya 
YARDENA ,Afula 
YARHIV ,Kfar Saba 
YARQONA ,Kfar Saba 
YAS'UR ,Acre 
YASHRESH ,Ramla 
YATED ,Beer Sheva 
YAVNE ,Rehovot 
YAVNE'EL ,Tiberias 
YAZIZ ,Ramla 
YE'AF ,Natanya 
YEDIDA ,Jerusalem 
YEDIDYA ,Natanya 
YEHI'AM ,Acre 
YEHUD-MONOSON ,Petah Tikva 
YEROHAM ,Beer Sheva 
YESHA ,Beer Sheva 
YESODOT ,Rehovot 
YESUD HAMA'ALA ,Tzefat 
YEVUL ,Beer Sheva 
YIF'AT ,Afula 
YIFTAH ,Tzefat 
YINNON ,Ashkelon 
YIR'ON ,Tzefat 
YIRKA ,Acre 
YISH'I ,Beit Shemesh 
YITAV ,Afula 
YIZHAR ,Ariel 
YIZRE'EL ,Afula 
YODEFAT ,Karmiel 
YONATAN ,Tiberias 
YOQNE'AM ILLIT ,Afula 
YOQNE'AM(MOSHAVA) ,Afula 
YOSHIVYA ,Beer Sheva 
YOTVATA ,Eilat 
YUVAL ,Tzefat 
YUVALIM ,Karmiel 
ZABARGA ,Beer Sheva 
ZAFRIRIM ,Beit Shemesh 
ZAFRIYYA ,Ramla 
ZANOAH ,Beit Shemesh 
ZARZIR ,Afula 
ZAVDI'EL ,Ashkelon 
ZE'ELIM ,Beer Sheva 
ZEFAT ,Tzefat 
ZEKHARYA ,Beit Shemesh 
ZELAFON ,Beit Shemesh 
ZEMER ,Natanya 
ZERAHYA ,Ashkelon 
ZERU'A ,Beer Sheva 
ZERUFA ,Hadera 
ZETAN ,Ramla 
ZIKHRON YA'AQOV ,Hadera 
ZIMRAT ,Beer Sheva 
ZIPPORI ,Afula 
ZIQIM ,Ashkelon 
ZIV'ON ,Tzefat 
ZOFAR ,Eilat 
ZOFIT ,Kfar Saba 
ZOFIYYA ,Rehovot 
ZOHAR ,Beer Sheva 
ZOHAR ,Ashkelon 
ZOR'A ,Beit Shemesh 
ZOVA ,Beit Shemesh 
ZUFIN ,Petah Tikva 
ZUR HADASSA ,Beit Shemesh 
ZUR MOSHE ,Natanya 
ZUR NATAN ,Kfar Saba 
ZUR YIZHAQ ,Kfar Saba 
ZURI'EL ,Acre 
ZURIT ,Karmiel 
ZVIYYA ,Karmiel 
